timestamp,text,sentiment
2025-07-08 06:16:14+00:00,trusting the process is another form of saying i know i can see it through,0.4019
2025-07-08 06:15:29+00:00,ai like suno is now helping in prisons occupational therapists use it to turn patients words into songs a new way to support impulse control amp expression in  care no musical skill needed,0.8126
2025-07-08 06:13:04+00:00,ekko says its toy tuesday he just wants to play  were on our way to a psychiatric hospital in ealing today,0.34
2025-07-08 06:10:16+00:00,and  significantly impact professionals in  leading to reduced work performance increased  and potential  issues burnout characterized by emotional exhaustion cynicism and reduced professional efficacy is a growing,-0.2023
2025-07-08 06:10:00+00:00,"good morning everyone happy tuesday hope you all slept well and has a beautiful day ahead
take care stay safe be kind and always look out for each other
and of course dont forget the sunscreen",0.9768
2025-07-08 06:09:20+00:00,"good morning everyone happy tuesday hope you all slept well and has a beautiful day ahead
take care stay safe be kind and always look out for each other
and of course dont forget the sunscreen",0.9768
2025-07-08 06:07:45+00:00,"psychologists warn the labubu craze isnt just cute it taps into the rising kidult trend offering nostalgic comfort but also potential emotional escapism
collectibles can soothe anxiety but moderation is key genz",0.3839
2025-07-08 06:04:53+00:00,"people may wonder why i have a  fan page on  
in no particular order

1my mum introduced me to the cb when my  etc took a huge  downfall last year as we used to go rhoad island now coffee block as the owner works at cb now
p1",-0.128
2025-07-08 06:01:05+00:00,learn how spell little kiddie nope pretty sure im talking about you and your mental illness angel irish  get a psychiatric evaluation for the sake of your family and relatives that are forced to tolerate your ugly brain get help now,-0.8633
2025-07-08 06:00:00+00:00,todays peer support meetings are here connect share and find support in a friendly space lets build a strong community where everyones heard watch the video for details and share to spread the word together we rise,0.936
2025-07-08 05:59:19+00:00,finding freedom life pickleball and being present,0.6369
2025-07-08 05:58:18+00:00,anxiety game plan conquer fears amp build a peaceful mind,-0.0772
2025-07-08 05:58:10+00:00,"enhancing student experience amp institutional excellence through agile and techenabled ecosystems in universities

subramanya v mysore deputy director administration at rv university

read more",0.6249
2025-07-08 05:57:59+00:00,slow down silence for nervous system calmness,0.1531
2025-07-08 05:57:43+00:00,anxiety can affect the best of us even those with the steadiest of nerves luckily there are ways to fight back and take control of of that scumbag brain of yours,-0.1027
2025-07-08 05:55:24+00:00,the art of letting go true power in relationships,0.4215
2025-07-08 05:54:29+00:00,"feeling anxious about money youre not alone
financial stress can silently erode your mental health
but theres hopeand help
 learn how to break the cycle",0.6526
2025-07-08 05:52:02+00:00,"thread 5 signs of anxiety you shouldnt ignore 
1 as a psychiatrist i see anxiety sneak up on people daily its more than just feeling stressed ignoring these signs can worsen it lets break it down",-0.7861
2025-07-08 05:45:02+00:00,steampunk designs in my online mindful drawing session last night for  part of a two year reachout project funded by london community fund,0.0
2025-07-08 05:41:52+00:00,"issues  like climate change is a disproportionately hyped condition caused by stress induced via unnatural lifestyle amp excesses 
moving back to a natural lifestyle  eatingsleeping on time socialising with real people having a purpose amp pursuing hobbies helps",0.5859
2025-07-08 05:39:34+00:00,"this thursday 10th july join us on x spaces for a discussion on dealing with loss in recovery 
where 
time 8pm",-0.0258
2025-07-08 05:36:16+00:00,"now its not just hashtags

 the eu council is taking a bold and timely step in response to the drastic mental health decline among young people",0.3818
2025-07-08 05:36:11+00:00,1 panic disorder can feel like a storm in your mind your heart races chest tightens and the world spins out of control for those who live with it these attacks arent just momentstheyre overwhelming waves that make you feel like youre losing yourself,-0.3182
2025-07-08 05:30:07+00:00,osf saint anthonys offers free mental health first aid training july 25 in alton to assist the community,0.5106
2025-07-08 05:22:32+00:00,this trend read more studioonenetworks,0.0
2025-07-08 05:20:00+00:00,you have to choose  amp keep choosing it everyday,0.0
2025-07-08 05:19:03+00:00,"think  is just low  micrornas amp  rewire ptau circuits flipping chaotic  in the  not a single culprit     
dive in amp share",-0.5256
2025-07-08 05:16:08+00:00,google launches ai tools for mental health research and treatment,0.0
2025-07-08 05:13:47+00:00,"our mutual wise values likewise peacefully enriches our mutual wise delineations

read for a mindset reset",0.9062
2025-07-08 05:13:00+00:00,"is more common than we think alcohol opioids inhalants cannabis 
but help is available recovery is possible",0.5499
2025-07-08 05:01:11+00:00,"you dont need to talk for an hour here

imagine saying that to someone begging to be heard",0.0
2025-07-08 05:00:13+00:00,"how effective are mindfulness and meditation for mental agility
read more",0.4767
2025-07-08 04:57:38+00:00,"day 75  running every day for the rest of my life to improve my mental health 529 km
 lil peep  ghost boy 
luigis mansion",0.1531
2025-07-08 04:55:05+00:00,"how is the social dilemma corrected by rightthinking 

the social dilemma and from the mind of bodybyloud vint",-0.34
2025-07-08 04:53:47+00:00,the voices series  be it the ones behind front around us or inside us how much do they influence control and manipulate us,0.0
2025-07-08 04:53:44+00:00,"lets ditch the bills the waits and the whatifs for good

make the switch go cashless with insurmonthly",0.4404
2025-07-08 04:46:34+00:00,jackies crossstitch toadstools,0.0
2025-07-08 04:43:32+00:00,"work is a part of life not your entire life
your health is your greatest asset
no treatment can fully restore it once its damaged
dont trade your wellbeing for deadlines and titles
rest move say no
protect your peace",0.7513
2025-07-08 04:40:00+00:00,let the  begin,0.0
2025-07-08 04:39:54+00:00,health impact of the  castebased endogamy on indias genetic diversity indias history of consanguineous marriages sex incest marriages between blood relatives the global impact,0.0
2025-07-08 04:39:07+00:00,crises   via,0.0
2025-07-08 04:35:00+00:00,"5 tips to stop overthinking

1 practice mindfulness 

2 write down your thoughts 

3 challenge negative thoughts 

4 set a worry time 

5 engage in physical activity",-0.7269
2025-07-08 04:33:49+00:00,a threeday workshop on promotion of mental health and psychological wellbeing of adolescents using the life skills approach was inaugurated on 07072025 at nimhans hosted by the department of psychiatric social work,0.0
2025-07-08 04:31:10+00:00,time cannot be repeated and life only happens oncethanatsuki,0.0
2025-07-08 04:31:01+00:00,"i have a disease addiction  that does nothing but lie to me and fills me with fear even in recovery 
the answers for me  have been in the steps",-0.6486
2025-07-08 04:31:00+00:00,its okay not to be okay,0.0603
2025-07-08 04:30:20+00:00,this isnt great for my physical or  as i feel extremely frayed at the edges amp completely worn out what sort of life is this if i am in pain and discomfort both day and night,-0.8976
2025-07-08 04:30:19+00:00,i have a disease addiction  that does nothing but lie to me and fills me with fear even in recovery,-0.6486
2025-07-08 04:30:03+00:00,i have a disease addiction  that does nothing but lie to me and fills me with fear even in recovery,-0.6486
2025-07-08 04:30:02+00:00,"welcome to daily mental boosts 
a page to help you slow down feel seen and show up stronger

 mental health tips
 daily quotes amp reminders
 mindset shifts
lets grow together  follow along for your daily boost",0.9062
2025-07-08 04:28:57+00:00,"stroke recovery how nicotine improved my brain health
full episode",0.4767
2025-07-08 04:28:41+00:00,mind conjuring up thoughts but at least therapy sessions are free,0.6652
2025-07-08 04:28:26+00:00,psychiatry claims that antipsychiatry is invalidating the experience of individuals with mental illness when sometimes maybe they invalidate the normality of the individual,-0.4019
2025-07-08 04:25:05+00:00,take a  around the globe on,0.0
2025-07-08 04:21:36+00:00,we have made a significant investment in  during the implementation of the inua afya ya mama project across nairobis informal settlements through community dialogues  professionals share vital tips on maintaining proper health,0.6369
2025-07-08 04:19:35+00:00,"call for papers

4th intl congress on behavioral amp social science research

rome italy
march 2324 2026

first round abstract submission closes july 25 2025

submit now",0.0
2025-07-08 04:15:48+00:00,"sure heres a fresh new post you can use

 reminder
you dont have to have it all figured out right now
breathe take one step at a time progress is still progress
keep going  your future self will thank you",0.8934
2025-07-08 04:15:36+00:00,living with toxicity i stay calm use facts and guard my peace his silence is my reward learn about the amygdala to cope share your tip,0.8934
2025-07-08 04:12:28+00:00,"discover 7 powerful insights into schizophrenia psychologyhow it impacts thinking emotions amp relationships

 read now",0.4215
2025-07-08 04:10:56+00:00,for more information click the link below,0.0
2025-07-08 04:10:32+00:00,"last chance act now

join our effective communication workshop  july 11  530pm700 pdt

normally 7999  today just 1999",0.743
2025-07-08 04:08:24+00:00,rip  young noble,0.4588
2025-07-08 04:07:03+00:00,"heart disease diagnosis
youre not aloneemotionally or financially

 how  helps you save big on trusted care
healing starts with your heart and your mind",0.9661
2025-07-08 04:06:10+00:00,subscribe now to watch the full episode on star trek  building a roadmap for sobriety,0.0
2025-07-08 04:02:22+00:00,an exciting study to follow,0.4939
2025-07-08 04:00:31+00:00,walking is one of the best ways to clear your head and reduce stress whether a peaceful walk in nature or a brisk city stroll every step helps keep you grounded lets get moving,0.886
2025-07-08 04:00:13+00:00,"turn your exercise routine into way to spend more time outdoors studies have shown that spending time outdoors can help reduce fatigue making it a great way to manage symptoms of depression or burnout

 mental health first aid",0.2732
2025-07-08 04:00:11+00:00,a reminder to engage with life then rest,0.34
2025-07-08 04:00:05+00:00,"marijuana addiction signs symptoms and treatments  

   
  

the cabin chiang mai  drug and alcohol rehab in thailand",0.0
2025-07-08 03:59:00+00:00,taking control the power of a mental health care plan,0.4939
2025-07-08 03:57:40+00:00,understanding depression a guide to recognising and managing symptoms,-0.5719
2025-07-08 03:55:03+00:00,"mental challenge

 put your mind to work take it out of its wrapping use it  thats why you have it 

 if youre not up for answering id appreciate a like or a share to reach more people

 together we are stronger",0.8555
2025-07-08 03:54:39+00:00,gamifying,0.0
2025-07-08 03:53:57+00:00,"there is no such thing as talking about it too much whatever your it isgrief mental health etc if talking about it is what is keeping you here talk about it 
talk about it so you stay",-0.296
2025-07-08 03:49:00+00:00,"our mutual psychological enunciation likewise naturally secures our mutual wise delineations

click to acquire selfprogress",0.6597
2025-07-08 03:45:43+00:00,"in todays agony aunt column one of our readers shared about  tired mother running out of medical leave to care for my sick daughter

read more about this at",-0.5574
2025-07-08 03:39:08+00:00,"healing trauma with compassion amp expertise 

 quality time institute offers trusted therapy for symptoms like fear insomnia amp intrusive thoughts youre not alone 

call 858 3487373",0.5171
2025-07-08 03:34:28+00:00,feeling lost in life  my simple  are here to guide you through,-0.2023
2025-07-08 03:33:57+00:00,"early in the morning i will use hash words  
mobile phones are turning children into z0mbes  
dont give them phones let them live their childhood",0.0
2025-07-08 03:30:14+00:00,he met her in a mental health forum then manipulated her into selfharm and suicide attempts,-0.7964
2025-07-08 03:30:01+00:00,there are people who are watching you who are inspired by your journey and will be grateful if you do not give up day 188 in the,0.7351
2025-07-08 03:28:07+00:00,mental health is a serious issue and shouldnt be taken for granted,0.1779
2025-07-08 03:26:26+00:00,c√¥te divoire is promoting mental health awareness and services by increasing access to counseling therapy and mental health programs to support citizens wellbeing,0.6369
2025-07-08 03:25:11+00:00,prison artist cnote reveals the over medication of prisoners in his 2018 work capitalizing on justice,-0.4939
2025-07-08 03:20:08+00:00,when anything wrong happens to you nd u dare to share ur story anywhere sab relatives ki tarah ajate hain free ka gyaan dene tumne esa kyu kiya ese kyun nahi kiya tumhari hi galti hai aree why r butchering a dead person again n again,-0.4404
2025-07-08 03:20:00+00:00,a great day becomes a great life,0.8481
2025-07-08 03:18:46+00:00,"memoir excerpt 
but wait theres more by christopher m seamans

its a story as old as time
parents go away for the weekend
teenager gets left at home
teenager throws a party
this is one of those
but with a small twist",0.5499
2025-07-08 03:16:05+00:00,"will there be anything left for humans to do
google unleashes ai to revolutionize mental health   from smarter clinician training to breakthrough treatments for anxiety amp depression 
is this the dawn of hope or the end of human touch",0.128
2025-07-08 03:14:59+00:00,ketamines high quality trips available in stock,0.0
2025-07-08 03:07:33+00:00,half of growth is realizing you dont need to comment on everything,0.3818
2025-07-08 03:07:17+00:00,"tilt doesnt have to take over

improve your health improve your game",0.7003
2025-07-08 03:03:52+00:00,over the past 17 years us children have experienced rising rates of obesity chronic disease and  challenges with health outcomes lagging behind those in other highincome countries,-0.2023
2025-07-08 03:03:45+00:00,"when  people in the  you are sent to  list all the reasons people scar themselves and never once was one of those reasons my reason

id say more  but everyone here is waiting to ban me",-0.7096
2025-07-08 03:01:39+00:00,"your tattoos are scars

my scars are tattoos

one of these is socially acceptable  and one is a  problem and for the life of me i have no idea why

but it sure as shit is  getting a tattoo should be self harm if were being honest 

the rules are incoherent",-0.6187
2025-07-08 03:00:19+00:00,covid changed my view health over money,0.0
2025-07-08 02:58:14+00:00,met w the founder amp director of center for healing trauma amp attachment in brush about their services needs of the community amp challenges faced for  its not always easy but we need to be having more of these conversations around  amp resources,-0.2151
2025-07-08 02:57:51+00:00,this sounds amazing  improving wellbeing while getting rewarded is such a smart concept excited to check out the app,0.9313
2025-07-08 02:52:40+00:00,"congratulations on the release of your new book bro  im looking forward to diving deep into this because i know its full of valuable jewels

purchase link",0.8834
2025-07-08 02:52:13+00:00,"is a decision a person makes

it is a  issue not an  issue

if you feel like hurting yourself or someone else please",0.2732
2025-07-08 02:50:06+00:00,you can disable a human by smearing their skin with bacteria incorporated into a liquid using transdermal technology  and psychiatry is doing exactly this to its patients using misdirection and hypnosis without consent,-0.1695
